Target,MAE,RMSE,"rMAE, %","rRMSE, %",R2
R heatmap,2.8777273129670233e-05,3.4648789274014626e-05,0.17127737516301061,0.20601145288507045,0.9979364289620685
